epoch,train_loss,val_loss,val_ap,in_swa
0,1.653686761856079,1.630123257637024,0.0508399195969104,0
1,1.5895153284072876,1.5710407495498655,0.0607733950018882,0
2,1.5269981622695925,1.5074591636657717,0.0745017528533935,0
3,1.6466898918151855,1.6239103078842163,0.0754581242799758,0
4,1.5370599031448364,1.510579228401184,0.0655356347560882,0
5,1.4074482917785645,1.3828397989273071,0.070772498846054,0
6,1.257822036743164,1.2339757680892944,0.0773359313607215,0
7,1.0824189186096191,1.0580575466156006,0.0768487378954887,0
8,0.8592506647109985,0.8384096622467041,0.0736219137907028,0
9,0.8581652045249939,0.8383318185806274,0.0784706398844719,0
10,0.8544198870658875,0.8385447859764099,0.0780265480279922,0
11,0.8573234677314758,0.8381560444831848,0.086149014532566,0
12,0.8545547723770142,0.8382250070571899,0.089259922504425,0
13,0.8530151844024658,0.8381639719009399,0.1089433282613754,1
14,0.8558370471000671,0.8382593393325806,0.0978854894638061,1
15,0.8535864949226379,0.8382407426834106,0.0974888131022453,0
16,0.8549483418464661,0.837971568107605,0.0888387560844421,0
17,0.8518760800361633,0.8380082249641418,0.0976045802235603,0
18,0.8541147708892822,0.8380153179168701,0.0990550518035888,1
19,0.850275456905365,0.8379215002059937,0.0925299376249313,0
