epoch,lr-AdamW,pos_weight_now,step,train_lc_pixels,train_loss_aux,train_loss_bce,train_loss_epoch,train_loss_main,train_loss_phase,train_loss_step,train_p_mean,train_pos_rate,val_ap,val_ap_newfire,val_cond_frac,val_cond_n,val_last_pos_pixels_mean,val_last_pos_rate,val_lc_pixels,val_loss,val_loss_bce,val_loss_phase,val_p_mean,val_pos_pixels_mean,val_pos_rate,val_roc_auc,val_top15p0_f1_cond,val_top15p0_k,val_top15p0_precision,val_top15p0_precision_cond,val_top15p0_recall,val_top15p0_recall_cond,val_top1p0_f1_cond,val_top1p0_k,val_top1p0_precision,val_top1p0_precision_cond,val_top1p0_recall,val_top1p0_recall_cond,val_top5p0_f1_cond,val_top5p0_k,val_top5p0_precision,val_top5p0_precision_cond,val_top5p0_recall,val_top5p0_recall_cond,val_topk_f1_composite_cond,val_y_mean
,6.183221215612902e-05,,7000,,,,,,,,,,,,,,,,,,,,,,,,,,,,,,,,,,,,,,,,,,,
28,,,7004,,,,,,,1.125894546508789,,,,,,,,,,,,,,,,,,,,,,,,,,,,,,,,,,,,
28,,,7009,,,,,,,1.1093480587005615,,,,,,,,,,,,,,,,,,,,,,,,,,,,,,,,,,,,
28,,,7014,,,,,,,1.1220276355743408,,,,,,,,,,,,,,,,,,,,,,,,,,,,,,,,,,,,
28,,,7019,,,,,,,1.093130111694336,,,,,,,,,,,,,,,,,,,,,,,,,,,,,,,,,,,,
28,,,7024,,,,,,,1.0810015201568604,,,,,,,,,,,,,,,,,,,,,,,,,,,,,,,,,,,,
28,,,7029,,,,,,,1.0857880115509033,,,,,,,,,,,,,,,,,,,,,,,,,,,,,,,,,,,,
28,,,7034,,,,,,,1.0898399353027344,,,,,,,,,,,,,,,,,,,,,,,,,,,,,,,,,,,,
28,,,7039,,,,,,,1.2190780639648438,,,,,,,,,,,,,,,,,,,,,,,,,,,,,,,,,,,,
28,,,7044,,,,,,,1.1199650764465332,,,,,,,,,,,,,,,,,,,,,,,,,,,,,,,,,,,,
28,,,7049,,,,,,,1.0931453704833984,,,,,,,,,,,,,,,,,,,,,,,,,,,,,,,,,,,,
28,,,7054,,,,,,,1.0801869630813599,,,,,,,,,,,,,,,,,,,,,,,,,,,,,,,,,,,,
28,,,7059,,,,,,,1.0880142450332642,,,,,,,,,,,,,,,,,,,,,,,,,,,,,,,,,,,,
28,,,7064,,,,,,,1.0842764377593994,,,,,,,,,,,,,,,,,,,,,,,,,,,,,,,,,,,,
28,,,7069,,,,,,,1.1351258754730225,,,,,,,,,,,,,,,,,,,,,,,,,,,,,,,,,,,,
28,,,7074,,,,,,,1.1111855506896973,,,,,,,,,,,,,,,,,,,,,,,,,,,,,,,,,,,,
28,,,7079,,,,,,,1.0814961194992065,,,,,,,,,,,,,,,,,,,,,,,,,,,,,,,,,,,,
28,,,7084,,,,,,,1.0936306715011597,,,,,,,,,,,,,,,,,,,,,,,,,,,,,,,,,,,,
28,,,7089,,,,,,,1.091596245765686,,,,,,,,,,,,,,,,,,,,,,,,,,,,,,,,,,,,
28,,,7094,,,,,,,1.1202079057693481,,,,,,,,,,,,,,,,,,,,,,,,,,,,,,,,,,,,
28,,,7099,,,,,,,1.081673502922058,,,,,,,,,,,,,,,,,,,,,,,,,,,,,,,,,,,,
28,,,7104,,,,,,,1.0847859382629395,,,,,,,,,,,,,,,,,,,,,,,,,,,,,,,,,,,,
28,,,7109,,,,,,,1.1084201335906982,,,,,,,,,,,,,,,,,,,,,,,,,,,,,,,,,,,,
28,,,7114,,,,,,,1.0920625925064087,,,,,,,,,,,,,,,,,,,,,,,,,,,,,,,,,,,,
28,,,7119,,,,,,,1.1047511100769043,,,,,,,,,,,,,,,,,,,,,,,,,,,,,,,,,,,,
28,,,7124,,,,,,,1.093435287475586,,,,,,,,,,,,,,,,,,,,,,,,,,,,,,,,,,,,
28,,,7129,,,,,,,1.0867602825164795,,,,,,,,,,,,,,,,,,,,,,,,,,,,,,,,,,,,
28,,,7134,,,,,,,1.127597451210022,,,,,,,,,,,,,,,,,,,,,,,,,,,,,,,,,,,,
28,,,7139,,,,,,,1.0833287239074707,,,,,,,,,,,,,,,,,,,,,,,,,,,,,,,,,,,,
28,,,7144,,,,,,,1.0953774452209473,,,,,,,,,,,,,,,,,,,,,,,,,,,,,,,,,,,,
28,,,7149,,,,,,,1.0864497423171997,,,,,,,,,,,,,,,,,,,,,,,,,,,,,,,,,,,,
28,,,7154,,,,,,,1.0892189741134644,,,,,,,,,,,,,,,,,,,,,,,,,,,,,,,,,,,,
28,,,7159,,,,,,,1.1161423921585083,,,,,,,,,,,,,,,,,,,,,,,,,,,,,,,,,,,,
28,,,7164,,,,,,,1.090847134590149,,,,,,,,,,,,,,,,,,,,,,,,,,,,,,,,,,,,
28,,,7169,,,,,,,1.1458759307861328,,,,,,,,,,,,,,,,,,,,,,,,,,,,,,,,,,,,
28,,,7174,,,,,,,1.0953147411346436,,,,,,,,,,,,,,,,,,,,,,,,,,,,,,,,,,,,
28,,,7179,,,,,,,1.1582813262939453,,,,,,,,,,,,,,,,,,,,,,,,,,,,,,,,,,,,
28,,,7184,,,,,,,1.0911028385162354,,,,,,,,,,,,,,,,,,,,,,,,,,,,,,,,,,,,
28,,,7189,,,,,,,1.092015027999878,,,,,,,,,,,,,,,,,,,,,,,,,,,,,,,,,,,,
28,,,7194,,,,,,,1.0801411867141724,,,,,,,,,,,,,,,,,,,,,,,,,,,,,,,,,,,,
28,,,7199,,,,,,,1.1504926681518555,,,,,,,,,,,,,,,,,,,,,,,,,,,,,,,,,,,,
28,,,7204,,,,,,,1.118983507156372,,,,,,,,,,,,,,,,,,,,,,,,,,,,,,,,,,,,
28,,,7209,,,,,,,1.1084574460983276,,,,,,,,,,,,,,,,,,,,,,,,,,,,,,,,,,,,
28,,,7214,,,,,,,1.096644639968872,,,,,,,,,,,,,,,,,,,,,,,,,,,,,,,,,,,,
28,,,7219,,,,,,,1.1283552646636963,,,,,,,,,,,,,,,,,,,,,,,,,,,,,,,,,,,,
28,,,7224,,,,,,,1.0830576419830322,,,,,,,,,,,,,,,,,,,,,,,,,,,,,,,,,,,,
28,,,7229,,,,,,,1.089585781097412,,,,,,,,,,,,,,,,,,,,,,,,,,,,,,,,,,,,
28,,,7234,,,,,,,1.2340748310089111,,,,,,,,,,,,,,,,,,,,,,,,,,,,,,,,,,,,
28,,,7239,,,,,,,1.090963363647461,,,,,,,,,,,,,,,,,,,,,,,,,,,,,,,,,,,,
28,,,7244,,,,,,,1.1125768423080444,,,,,,,,,,,,,,,,,,,,,,,,,,,,,,,,,,,,
28,,,7249,,,,,,,1.141510248184204,,,,,,,,,,,,,,,,,,,,,,,,,,,,,,,,,,,,
28,,,7249,,,,,,,,,,0.21322447061538696,0.004118253011256456,0.6748046875,1.349609375,53.0732421875,0.6748046875,271790.65625,0.8377383947372437,0.8377383947372437,1.0,0.2997169494628906,53.0732421875,0.6748046875,0.926657497882843,0.04730593040585518,22118.0,0.0018325899727642536,0.0027157338336110115,0.4140382707118988,0.6135675311088562,0.00540753360837698,1475.0,0.016979612410068512,0.025162260979413986,0.266096293926239,0.39433082938194275,0.013721829280257225,7373.0,0.004694464150816202,0.006956774275749922,0.3359937071800232,0.49791252613067627,0.016281502321362495,0.00035992596531286836
28,,20.0,7249,264153.8125,0.8521026968955994,0.8535001873970032,1.109131097793579,0.8535001873970032,1.0,,0.2998652458190918,0.9175000190734863,,,,,,,,,,,,,,,,,,,,,,,,,,,,,,,,,,
,5.258279275047245e-05,,7250,,,,,,,,,,,,,,,,,,,,,,,,,,,,,,,,,,,,,,,,,,,
29,,,7254,,,,,,,1.111438512802124,,,,,,,,,,,,,,,,,,,,,,,,,,,,,,,,,,,,
29,,,7259,,,,,,,1.0824403762817383,,,,,,,,,,,,,,,,,,,,,,,,,,,,,,,,,,,,
29,,,7264,,,,,,,1.1461046934127808,,,,,,,,,,,,,,,,,,,,,,,,,,,,,,,,,,,,
29,,,7269,,,,,,,1.0824681520462036,,,,,,,,,,,,,,,,,,,,,,,,,,,,,,,,,,,,
29,,,7274,,,,,,,1.105921983718872,,,,,,,,,,,,,,,,,,,,,,,,,,,,,,,,,,,,
29,,,7279,,,,,,,1.133266568183899,,,,,,,,,,,,,,,,,,,,,,,,,,,,,,,,,,,,
29,,,7284,,,,,,,1.159302830696106,,,,,,,,,,,,,,,,,,,,,,,,,,,,,,,,,,,,
29,,,7289,,,,,,,1.1096291542053223,,,,,,,,,,,,,,,,,,,,,,,,,,,,,,,,,,,,
29,,,7294,,,,,,,1.1305731534957886,,,,,,,,,,,,,,,,,,,,,,,,,,,,,,,,,,,,
29,,,7299,,,,,,,1.0881938934326172,,,,,,,,,,,,,,,,,,,,,,,,,,,,,,,,,,,,
29,,,7304,,,,,,,1.091836929321289,,,,,,,,,,,,,,,,,,,,,,,,,,,,,,,,,,,,
29,,,7309,,,,,,,1.1053235530853271,,,,,,,,,,,,,,,,,,,,,,,,,,,,,,,,,,,,
29,,,7314,,,,,,,1.085045576095581,,,,,,,,,,,,,,,,,,,,,,,,,,,,,,,,,,,,
29,,,7319,,,,,,,1.113566517829895,,,,,,,,,,,,,,,,,,,,,,,,,,,,,,,,,,,,
29,,,7324,,,,,,,1.0887819528579712,,,,,,,,,,,,,,,,,,,,,,,,,,,,,,,,,,,,
29,,,7329,,,,,,,1.1844865083694458,,,,,,,,,,,,,,,,,,,,,,,,,,,,,,,,,,,,
29,,,7334,,,,,,,1.0949898958206177,,,,,,,,,,,,,,,,,,,,,,,,,,,,,,,,,,,,
29,,,7339,,,,,,,1.09673273563385,,,,,,,,,,,,,,,,,,,,,,,,,,,,,,,,,,,,
29,,,7344,,,,,,,1.105951189994812,,,,,,,,,,,,,,,,,,,,,,,,,,,,,,,,,,,,
29,,,7349,,,,,,,1.0862979888916016,,,,,,,,,,,,,,,,,,,,,,,,,,,,,,,,,,,,
29,,,7354,,,,,,,1.113355040550232,,,,,,,,,,,,,,,,,,,,,,,,,,,,,,,,,,,,
29,,,7359,,,,,,,1.0906627178192139,,,,,,,,,,,,,,,,,,,,,,,,,,,,,,,,,,,,
29,,,7364,,,,,,,1.088208794593811,,,,,,,,,,,,,,,,,,,,,,,,,,,,,,,,,,,,
29,,,7369,,,,,,,1.0916579961776733,,,,,,,,,,,,,,,,,,,,,,,,,,,,,,,,,,,,
29,,,7374,,,,,,,1.1082967519760132,,,,,,,,,,,,,,,,,,,,,,,,,,,,,,,,,,,,
29,,,7379,,,,,,,1.092934250831604,,,,,,,,,,,,,,,,,,,,,,,,,,,,,,,,,,,,
29,,,7384,,,,,,,1.0805168151855469,,,,,,,,,,,,,,,,,,,,,,,,,,,,,,,,,,,,
29,,,7389,,,,,,,1.0977108478546143,,,,,,,,,,,,,,,,,,,,,,,,,,,,,,,,,,,,
29,,,7394,,,,,,,1.1517099142074585,,,,,,,,,,,,,,,,,,,,,,,,,,,,,,,,,,,,
29,,,7399,,,,,,,1.1270831823349,,,,,,,,,,,,,,,,,,,,,,,,,,,,,,,,,,,,
29,,,7404,,,,,,,1.081231951713562,,,,,,,,,,,,,,,,,,,,,,,,,,,,,,,,,,,,
29,,,7409,,,,,,,1.0860170125961304,,,,,,,,,,,,,,,,,,,,,,,,,,,,,,,,,,,,
29,,,7414,,,,,,,1.1729958057403564,,,,,,,,,,,,,,,,,,,,,,,,,,,,,,,,,,,,
29,,,7419,,,,,,,1.0804920196533203,,,,,,,,,,,,,,,,,,,,,,,,,,,,,,,,,,,,
29,,,7424,,,,,,,1.0961158275604248,,,,,,,,,,,,,,,,,,,,,,,,,,,,,,,,,,,,
29,,,7429,,,,,,,1.108720302581787,,,,,,,,,,,,,,,,,,,,,,,,,,,,,,,,,,,,
29,,,7434,,,,,,,1.082789421081543,,,,,,,,,,,,,,,,,,,,,,,,,,,,,,,,,,,,
29,,,7439,,,,,,,1.1041134595870972,,,,,,,,,,,,,,,,,,,,,,,,,,,,,,,,,,,,
29,,,7444,,,,,,,1.1192349195480347,,,,,,,,,,,,,,,,,,,,,,,,,,,,,,,,,,,,
29,,,7449,,,,,,,1.099372386932373,,,,,,,,,,,,,,,,,,,,,,,,,,,,,,,,,,,,
29,,,7454,,,,,,,1.1219358444213867,,,,,,,,,,,,,,,,,,,,,,,,,,,,,,,,,,,,
29,,,7459,,,,,,,1.0917820930480957,,,,,,,,,,,,,,,,,,,,,,,,,,,,,,,,,,,,
29,,,7464,,,,,,,1.086789846420288,,,,,,,,,,,,,,,,,,,,,,,,,,,,,,,,,,,,
29,,,7469,,,,,,,1.0965102910995483,,,,,,,,,,,,,,,,,,,,,,,,,,,,,,,,,,,,
29,,,7474,,,,,,,1.0957919359207153,,,,,,,,,,,,,,,,,,,,,,,,,,,,,,,,,,,,
29,,,7479,,,,,,,1.1360414028167725,,,,,,,,,,,,,,,,,,,,,,,,,,,,,,,,,,,,
29,,,7484,,,,,,,1.0811734199523926,,,,,,,,,,,,,,,,,,,,,,,,,,,,,,,,,,,,
29,,,7489,,,,,,,1.0997604131698608,,,,,,,,,,,,,,,,,,,,,,,,,,,,,,,,,,,,
29,,,7494,,,,,,,1.0848913192749023,,,,,,,,,,,,,,,,,,,,,,,,,,,,,,,,,,,,
29,,,7499,,,,,,,1.1119732856750488,,,,,,,,,,,,,,,,,,,,,,,,,,,,,,,,,,,,
29,,,7499,,,,,,,,,,0.21392673254013062,0.004489225335419178,0.6748046875,1.349609375,53.0732421875,0.6748046875,271790.65625,0.8375890254974365,0.8375890254974365,1.0,0.29347991943359375,53.0732421875,0.6748046875,0.9205665588378906,0.04742914438247681,22118.0,0.0018306468846276402,0.002712854417040944,0.4082510471343994,0.6049913763999939,0.0054014879278838634,1475.0,0.017032569274306297,0.025240737944841385,0.26466336846351624,0.3922073543071747,0.013767414726316929,7373.0,0.0047107576392591,0.006980919744819403,0.33357253670692444,0.49432456493377686,0.016316797584295273,0.00035992596531286836
29,,20.0,7499,265941.59375,0.8507633805274963,0.8526802659034729,1.1079095602035522,0.8526802659034729,1.0,,0.299679696559906,0.9194999933242798,,,,,,,,,,,,,,,,,,,,,,,,,,,,,,,,,,
,4.393398282201786e-05,,7500,,,,,,,,,,,,,,,,,,,,,,,,,,,,,,,,,,,,,,,,,,,
30,,,7504,,,,,,,1.0885741710662842,,,,,,,,,,,,,,,,,,,,,,,,,,,,,,,,,,,,
30,,,7509,,,,,,,1.0965135097503662,,,,,,,,,,,,,,,,,,,,,,,,,,,,,,,,,,,,
30,,,7514,,,,,,,1.0937604904174805,,,,,,,,,,,,,,,,,,,,,,,,,,,,,,,,,,,,
30,,,7519,,,,,,,1.0880908966064453,,,,,,,,,,,,,,,,,,,,,,,,,,,,,,,,,,,,
30,,,7524,,,,,,,1.198928713798523,,,,,,,,,,,,,,,,,,,,,,,,,,,,,,,,,,,,
30,,,7529,,,,,,,1.0806876420974731,,,,,,,,,,,,,,,,,,,,,,,,,,,,,,,,,,,,
30,,,7534,,,,,,,1.0977139472961426,,,,,,,,,,,,,,,,,,,,,,,,,,,,,,,,,,,,
30,,,7539,,,,,,,1.2347699403762817,,,,,,,,,,,,,,,,,,,,,,,,,,,,,,,,,,,,
30,,,7544,,,,,,,1.0954346656799316,,,,,,,,,,,,,,,,,,,,,,,,,,,,,,,,,,,,
30,,,7549,,,,,,,1.1026959419250488,,,,,,,,,,,,,,,,,,,,,,,,,,,,,,,,,,,,
30,,,7554,,,,,,,1.0846061706542969,,,,,,,,,,,,,,,,,,,,,,,,,,,,,,,,,,,,
30,,,7559,,,,,,,1.1241542100906372,,,,,,,,,,,,,,,,,,,,,,,,,,,,,,,,,,,,
30,,,7564,,,,,,,1.1156152486801147,,,,,,,,,,,,,,,,,,,,,,,,,,,,,,,,,,,,
30,,,7569,,,,,,,1.0837444067001343,,,,,,,,,,,,,,,,,,,,,,,,,,,,,,,,,,,,
30,,,7574,,,,,,,1.0947026014328003,,,,,,,,,,,,,,,,,,,,,,,,,,,,,,,,,,,,
30,,,7579,,,,,,,1.0974582433700562,,,,,,,,,,,,,,,,,,,,,,,,,,,,,,,,,,,,
30,,,7584,,,,,,,1.091691493988037,,,,,,,,,,,,,,,,,,,,,,,,,,,,,,,,,,,,
30,,,7589,,,,,,,1.1297154426574707,,,,,,,,,,,,,,,,,,,,,,,,,,,,,,,,,,,,
30,,,7594,,,,,,,1.090348482131958,,,,,,,,,,,,,,,,,,,,,,,,,,,,,,,,,,,,
30,,,7599,,,,,,,1.105928897857666,,,,,,,,,,,,,,,,,,,,,,,,,,,,,,,,,,,,
30,,,7604,,,,,,,1.0890552997589111,,,,,,,,,,,,,,,,,,,,,,,,,,,,,,,,,,,,
30,,,7609,,,,,,,1.0876469612121582,,,,,,,,,,,,,,,,,,,,,,,,,,,,,,,,,,,,
30,,,7614,,,,,,,1.0822902917861938,,,,,,,,,,,,,,,,,,,,,,,,,,,,,,,,,,,,
30,,,7619,,,,,,,1.134105920791626,,,,,,,,,,,,,,,,,,,,,,,,,,,,,,,,,,,,
30,,,7624,,,,,,,1.1524112224578857,,,,,,,,,,,,,,,,,,,,,,,,,,,,,,,,,,,,
30,,,7629,,,,,,,1.1083431243896484,,,,,,,,,,,,,,,,,,,,,,,,,,,,,,,,,,,,
30,,,7634,,,,,,,1.0851826667785645,,,,,,,,,,,,,,,,,,,,,,,,,,,,,,,,,,,,
30,,,7639,,,,,,,1.0825297832489014,,,,,,,,,,,,,,,,,,,,,,,,,,,,,,,,,,,,
30,,,7644,,,,,,,1.124098539352417,,,,,,,,,,,,,,,,,,,,,,,,,,,,,,,,,,,,
30,,,7649,,,,,,,1.0928858518600464,,,,,,,,,,,,,,,,,,,,,,,,,,,,,,,,,,,,
30,,,7654,,,,,,,1.0904147624969482,,,,,,,,,,,,,,,,,,,,,,,,,,,,,,,,,,,,
30,,,7659,,,,,,,1.0897393226623535,,,,,,,,,,,,,,,,,,,,,,,,,,,,,,,,,,,,
30,,,7664,,,,,,,1.0873465538024902,,,,,,,,,,,,,,,,,,,,,,,,,,,,,,,,,,,,
30,,,7669,,,,,,,1.0893182754516602,,,,,,,,,,,,,,,,,,,,,,,,,,,,,,,,,,,,
30,,,7674,,,,,,,1.199189305305481,,,,,,,,,,,,,,,,,,,,,,,,,,,,,,,,,,,,
30,,,7679,,,,,,,1.095516562461853,,,,,,,,,,,,,,,,,,,,,,,,,,,,,,,,,,,,
30,,,7684,,,,,,,1.125196933746338,,,,,,,,,,,,,,,,,,,,,,,,,,,,,,,,,,,,
30,,,7689,,,,,,,1.090564250946045,,,,,,,,,,,,,,,,,,,,,,,,,,,,,,,,,,,,
30,,,7694,,,,,,,1.091017484664917,,,,,,,,,,,,,,,,,,,,,,,,,,,,,,,,,,,,
30,,,7699,,,,,,,1.1927437782287598,,,,,,,,,,,,,,,,,,,,,,,,,,,,,,,,,,,,
30,,,7704,,,,,,,1.0946857929229736,,,,,,,,,,,,,,,,,,,,,,,,,,,,,,,,,,,,
30,,,7709,,,,,,,1.095739722251892,,,,,,,,,,,,,,,,,,,,,,,,,,,,,,,,,,,,
30,,,7714,,,,,,,1.0888092517852783,,,,,,,,,,,,,,,,,,,,,,,,,,,,,,,,,,,,
30,,,7719,,,,,,,1.1201967000961304,,,,,,,,,,,,,,,,,,,,,,,,,,,,,,,,,,,,
30,,,7724,,,,,,,1.1151199340820312,,,,,,,,,,,,,,,,,,,,,,,,,,,,,,,,,,,,
30,,,7729,,,,,,,1.1228028535842896,,,,,,,,,,,,,,,,,,,,,,,,,,,,,,,,,,,,
30,,,7734,,,,,,,1.0802022218704224,,,,,,,,,,,,,,,,,,,,,,,,,,,,,,,,,,,,
30,,,7739,,,,,,,1.0963503122329712,,,,,,,,,,,,,,,,,,,,,,,,,,,,,,,,,,,,
30,,,7744,,,,,,,1.090736985206604,,,,,,,,,,,,,,,,,,,,,,,,,,,,,,,,,,,,
30,,,7749,,,,,,,1.0936200618743896,,,,,,,,,,,,,,,,,,,,,,,,,,,,,,,,,,,,
30,,,7749,,,,,,,,,,0.2148888111114502,0.004627575166523457,0.6748046875,1.349609375,53.0732421875,0.6748046875,271790.65625,0.8376095294952393,0.8376095294952393,1.0,0.2974739074707031,53.0732421875,0.6748046875,0.9359001517295837,0.04742250591516495,22118.0,0.0018320599338039756,0.0027149482630193233,0.40510374307632446,0.6003273725509644,0.00540545117110014,1475.0,0.01702991873025894,0.025236811488866806,0.264690637588501,0.3922477662563324,0.013776873238384724,7373.0,0.004713539034128189,0.006985041778534651,0.3360995650291443,0.4980693757534027,0.01632028818130493,0.00035992596531286836
30,,20.0,7749,262760.6875,0.851291298866272,0.8531755805015564,1.1085625886917114,0.8531755805015564,1.0,,0.3001699149608612,0.9125000238418579,,,,,,,,,,,,,,,,,,,,,,,,,,,,,,,,,,
,3.5939105159995345e-05,,7750,,,,,,,,,,,,,,,,,,,,,,,,,,,,,,,,,,,,,,,,,,,
31,,,7754,,,,,,,1.0861629247665405,,,,,,,,,,,,,,,,,,,,,,,,,,,,,,,,,,,,
31,,,7759,,,,,,,1.0880053043365479,,,,,,,,,,,,,,,,,,,,,,,,,,,,,,,,,,,,
31,,,7764,,,,,,,1.1221433877944946,,,,,,,,,,,,,,,,,,,,,,,,,,,,,,,,,,,,
31,,,7769,,,,,,,1.1046396493911743,,,,,,,,,,,,,,,,,,,,,,,,,,,,,,,,,,,,
31,,,7774,,,,,,,1.0891085863113403,,,,,,,,,,,,,,,,,,,,,,,,,,,,,,,,,,,,
31,,,7779,,,,,,,1.086108684539795,,,,,,,,,,,,,,,,,,,,,,,,,,,,,,,,,,,,
31,,,7784,,,,,,,1.0879738330841064,,,,,,,,,,,,,,,,,,,,,,,,,,,,,,,,,,,,
31,,,7789,,,,,,,1.123839259147644,,,,,,,,,,,,,,,,,,,,,,,,,,,,,,,,,,,,
31,,,7794,,,,,,,1.097030520439148,,,,,,,,,,,,,,,,,,,,,,,,,,,,,,,,,,,,
31,,,7799,,,,,,,1.0922141075134277,,,,,,,,,,,,,,,,,,,,,,,,,,,,,,,,,,,,
31,,,7804,,,,,,,1.0959997177124023,,,,,,,,,,,,,,,,,,,,,,,,,,,,,,,,,,,,
31,,,7809,,,,,,,1.081825613975525,,,,,,,,,,,,,,,,,,,,,,,,,,,,,,,,,,,,
31,,,7814,,,,,,,1.123729944229126,,,,,,,,,,,,,,,,,,,,,,,,,,,,,,,,,,,,
31,,,7819,,,,,,,1.0915839672088623,,,,,,,,,,,,,,,,,,,,,,,,,,,,,,,,,,,,
31,,,7824,,,,,,,1.0806859731674194,,,,,,,,,,,,,,,,,,,,,,,,,,,,,,,,,,,,
31,,,7829,,,,,,,1.1000248193740845,,,,,,,,,,,,,,,,,,,,,,,,,,,,,,,,,,,,
31,,,7834,,,,,,,1.1094465255737305,,,,,,,,,,,,,,,,,,,,,,,,,,,,,,,,,,,,
31,,,7839,,,,,,,1.1566442251205444,,,,,,,,,,,,,,,,,,,,,,,,,,,,,,,,,,,,
31,,,7844,,,,,,,1.099561095237732,,,,,,,,,,,,,,,,,,,,,,,,,,,,,,,,,,,,
31,,,7849,,,,,,,1.0955145359039307,,,,,,,,,,,,,,,,,,,,,,,,,,,,,,,,,,,,
31,,,7854,,,,,,,1.0900311470031738,,,,,,,,,,,,,,,,,,,,,,,,,,,,,,,,,,,,
31,,,7859,,,,,,,1.0962026119232178,,,,,,,,,,,,,,,,,,,,,,,,,,,,,,,,,,,,
31,,,7864,,,,,,,1.0826878547668457,,,,,,,,,,,,,,,,,,,,,,,,,,,,,,,,,,,,
31,,,7869,,,,,,,1.100359320640564,,,,,,,,,,,,,,,,,,,,,,,,,,,,,,,,,,,,
31,,,7874,,,,,,,1.0878381729125977,,,,,,,,,,,,,,,,,,,,,,,,,,,,,,,,,,,,
31,,,7879,,,,,,,1.0935626029968262,,,,,,,,,,,,,,,,,,,,,,,,,,,,,,,,,,,,
31,,,7884,,,,,,,1.118497371673584,,,,,,,,,,,,,,,,,,,,,,,,,,,,,,,,,,,,
31,,,7889,,,,,,,1.091562032699585,,,,,,,,,,,,,,,,,,,,,,,,,,,,,,,,,,,,
31,,,7894,,,,,,,1.0891135931015015,,,,,,,,,,,,,,,,,,,,,,,,,,,,,,,,,,,,
31,,,7899,,,,,,,1.1780775785446167,,,,,,,,,,,,,,,,,,,,,,,,,,,,,,,,,,,,
31,,,7904,,,,,,,1.0986984968185425,,,,,,,,,,,,,,,,,,,,,,,,,,,,,,,,,,,,
31,,,7909,,,,,,,1.08656644821167,,,,,,,,,,,,,,,,,,,,,,,,,,,,,,,,,,,,
31,,,7914,,,,,,,1.0986753702163696,,,,,,,,,,,,,,,,,,,,,,,,,,,,,,,,,,,,
31,,,7919,,,,,,,1.1038362979888916,,,,,,,,,,,,,,,,,,,,,,,,,,,,,,,,,,,,
31,,,7924,,,,,,,1.0965328216552734,,,,,,,,,,,,,,,,,,,,,,,,,,,,,,,,,,,,
31,,,7929,,,,,,,1.2029112577438354,,,,,,,,,,,,,,,,,,,,,,,,,,,,,,,,,,,,
31,,,7934,,,,,,,1.1174966096878052,,,,,,,,,,,,,,,,,,,,,,,,,,,,,,,,,,,,
31,,,7939,,,,,,,1.09852135181427,,,,,,,,,,,,,,,,,,,,,,,,,,,,,,,,,,,,
31,,,7944,,,,,,,1.1013916730880737,,,,,,,,,,,,,,,,,,,,,,,,,,,,,,,,,,,,
31,,,7949,,,,,,,1.094088077545166,,,,,,,,,,,,,,,,,,,,,,,,,,,,,,,,,,,,
31,,,7954,,,,,,,1.0870552062988281,,,,,,,,,,,,,,,,,,,,,,,,,,,,,,,,,,,,
31,,,7959,,,,,,,1.1075905561447144,,,,,,,,,,,,,,,,,,,,,,,,,,,,,,,,,,,,
31,,,7964,,,,,,,1.1184346675872803,,,,,,,,,,,,,,,,,,,,,,,,,,,,,,,,,,,,
31,,,7969,,,,,,,1.099072813987732,,,,,,,,,,,,,,,,,,,,,,,,,,,,,,,,,,,,
31,,,7974,,,,,,,1.080225944519043,,,,,,,,,,,,,,,,,,,,,,,,,,,,,,,,,,,,
31,,,7979,,,,,,,1.0818530321121216,,,,,,,,,,,,,,,,,,,,,,,,,,,,,,,,,,,,
31,,,7984,,,,,,,1.089094638824463,,,,,,,,,,,,,,,,,,,,,,,,,,,,,,,,,,,,
31,,,7989,,,,,,,1.0977145433425903,,,,,,,,,,,,,,,,,,,,,,,,,,,,,,,,,,,,
31,,,7994,,,,,,,1.0883738994598389,,,,,,,,,,,,,,,,,,,,,,,,,,,,,,,,,,,,
31,,,7999,,,,,,,1.0836236476898193,,,,,,,,,,,,,,,,,,,,,,,,,,,,,,,,,,,,
31,,,7999,,,,,,,,,,0.21176545321941376,0.004894864279776812,0.6748046875,1.349609375,53.0732421875,0.6748046875,271790.65625,0.8376069068908691,0.8376069068908691,1.0,0.29737091064453125,53.0732421875,0.6748046875,0.9336028099060059,0.047598276287317276,22118.0,0.0018399187829345465,0.00272659445181489,0.40616339445114136,0.6018977165222168,0.005428597331047058,1475.0,0.01709745079278946,0.025336887687444687,0.2646104097366333,0.3921288847923279,0.013843663968145847,7373.0,0.0047376430593431,0.007020761724561453,0.331479549407959,0.49122294783592224,0.016387052834033966,0.00035992596531286836
31,,20.0,7999,263795.90625,0.8509242534637451,0.8528803586959839,1.108157753944397,0.8528803586959839,1.0,,0.29979100823402405,0.9135000109672546,,,,,,,,,,,,,,,,,,,,,,,,,,,,,,,,,,
,2.8647450843757884e-05,,8000,,,,,,,,,,,,,,,,,,,,,,,,,,,,,,,,,,,,,,,,,,,
32,,,8004,,,,,,,1.0886776447296143,,,,,,,,,,,,,,,,,,,,,,,,,,,,,,,,,,,,
32,,,8009,,,,,,,1.1024794578552246,,,,,,,,,,,,,,,,,,,,,,,,,,,,,,,,,,,,
32,,,8014,,,,,,,1.1098113059997559,,,,,,,,,,,,,,,,,,,,,,,,,,,,,,,,,,,,
32,,,8019,,,,,,,1.0902042388916016,,,,,,,,,,,,,,,,,,,,,,,,,,,,,,,,,,,,
32,,,8024,,,,,,,1.085208773612976,,,,,,,,,,,,,,,,,,,,,,,,,,,,,,,,,,,,
32,,,8029,,,,,,,1.1222681999206543,,,,,,,,,,,,,,,,,,,,,,,,,,,,,,,,,,,,
32,,,8034,,,,,,,1.0813772678375244,,,,,,,,,,,,,,,,,,,,,,,,,,,,,,,,,,,,
32,,,8039,,,,,,,1.1318750381469727,,,,,,,,,,,,,,,,,,,,,,,,,,,,,,,,,,,,
32,,,8044,,,,,,,1.0863348245620728,,,,,,,,,,,,,,,,,,,,,,,,,,,,,,,,,,,,
32,,,8049,,,,,,,1.106584906578064,,,,,,,,,,,,,,,,,,,,,,,,,,,,,,,,,,,,
32,,,8054,,,,,,,1.0935708284378052,,,,,,,,,,,,,,,,,,,,,,,,,,,,,,,,,,,,
32,,,8059,,,,,,,1.1061750650405884,,,,,,,,,,,,,,,,,,,,,,,,,,,,,,,,,,,,
32,,,8064,,,,,,,1.098870038986206,,,,,,,,,,,,,,,,,,,,,,,,,,,,,,,,,,,,
32,,,8069,,,,,,,1.093334436416626,,,,,,,,,,,,,,,,,,,,,,,,,,,,,,,,,,,,
32,,,8074,,,,,,,1.0907413959503174,,,,,,,,,,,,,,,,,,,,,,,,,,,,,,,,,,,,
32,,,8079,,,,,,,1.0941874980926514,,,,,,,,,,,,,,,,,,,,,,,,,,,,,,,,,,,,
32,,,8084,,,,,,,1.0848495960235596,,,,,,,,,,,,,,,,,,,,,,,,,,,,,,,,,,,,
32,,,8089,,,,,,,1.0939322710037231,,,,,,,,,,,,,,,,,,,,,,,,,,,,,,,,,,,,
32,,,8094,,,,,,,1.0942505598068237,,,,,,,,,,,,,,,,,,,,,,,,,,,,,,,,,,,,
32,,,8099,,,,,,,1.120205283164978,,,,,,,,,,,,,,,,,,,,,,,,,,,,,,,,,,,,
32,,,8104,,,,,,,1.1311534643173218,,,,,,,,,,,,,,,,,,,,,,,,,,,,,,,,,,,,
32,,,8109,,,,,,,1.0914124250411987,,,,,,,,,,,,,,,,,,,,,,,,,,,,,,,,,,,,
32,,,8114,,,,,,,1.1092027425765991,,,,,,,,,,,,,,,,,,,,,,,,,,,,,,,,,,,,
32,,,8119,,,,,,,1.0895717144012451,,,,,,,,,,,,,,,,,,,,,,,,,,,,,,,,,,,,
32,,,8124,,,,,,,1.1079915761947632,,,,,,,,,,,,,,,,,,,,,,,,,,,,,,,,,,,,
32,,,8129,,,,,,,1.1008284091949463,,,,,,,,,,,,,,,,,,,,,,,,,,,,,,,,,,,,
32,,,8134,,,,,,,1.0957834720611572,,,,,,,,,,,,,,,,,,,,,,,,,,,,,,,,,,,,
32,,,8139,,,,,,,1.1182173490524292,,,,,,,,,,,,,,,,,,,,,,,,,,,,,,,,,,,,
32,,,8144,,,,,,,1.186436414718628,,,,,,,,,,,,,,,,,,,,,,,,,,,,,,,,,,,,
32,,,8149,,,,,,,1.0808155536651611,,,,,,,,,,,,,,,,,,,,,,,,,,,,,,,,,,,,
32,,,8154,,,,,,,1.0995705127716064,,,,,,,,,,,,,,,,,,,,,,,,,,,,,,,,,,,,
32,,,8159,,,,,,,1.0847821235656738,,,,,,,,,,,,,,,,,,,,,,,,,,,,,,,,,,,,
32,,,8164,,,,,,,1.0912156105041504,,,,,,,,,,,,,,,,,,,,,,,,,,,,,,,,,,,,
32,,,8169,,,,,,,1.1183974742889404,,,,,,,,,,,,,,,,,,,,,,,,,,,,,,,,,,,,
32,,,8174,,,,,,,1.0801465511322021,,,,,,,,,,,,,,,,,,,,,,,,,,,,,,,,,,,,
32,,,8179,,,,,,,1.087408423423767,,,,,,,,,,,,,,,,,,,,,,,,,,,,,,,,,,,,
32,,,8184,,,,,,,1.085705041885376,,,,,,,,,,,,,,,,,,,,,,,,,,,,,,,,,,,,
32,,,8189,,,,,,,1.0964313745498657,,,,,,,,,,,,,,,,,,,,,,,,,,,,,,,,,,,,
32,,,8194,,,,,,,1.0806761980056763,,,,,,,,,,,,,,,,,,,,,,,,,,,,,,,,,,,,
32,,,8199,,,,,,,1.0875369310379028,,,,,,,,,,,,,,,,,,,,,,,,,,,,,,,,,,,,
32,,,8204,,,,,,,1.106999158859253,,,,,,,,,,,,,,,,,,,,,,,,,,,,,,,,,,,,
32,,,8209,,,,,,,1.1360539197921753,,,,,,,,,,,,,,,,,,,,,,,,,,,,,,,,,,,,
32,,,8214,,,,,,,1.0802325010299683,,,,,,,,,,,,,,,,,,,,,,,,,,,,,,,,,,,,
32,,,8219,,,,,,,1.0911180973052979,,,,,,,,,,,,,,,,,,,,,,,,,,,,,,,,,,,,
32,,,8224,,,,,,,1.0938024520874023,,,,,,,,,,,,,,,,,,,,,,,,,,,,,,,,,,,,
32,,,8229,,,,,,,1.1100434064865112,,,,,,,,,,,,,,,,,,,,,,,,,,,,,,,,,,,,
32,,,8234,,,,,,,1.0981080532073975,,,,,,,,,,,,,,,,,,,,,,,,,,,,,,,,,,,,
32,,,8239,,,,,,,1.1735762357711792,,,,,,,,,,,,,,,,,,,,,,,,,,,,,,,,,,,,
32,,,8244,,,,,,,1.0884764194488525,,,,,,,,,,,,,,,,,,,,,,,,,,,,,,,,,,,,
32,,,8249,,,,,,,1.0873472690582275,,,,,,,,,,,,,,,,,,,,,,,,,,,,,,,,,,,,
32,,,8249,,,,,,,,,,0.2129216492176056,0.004958604462444782,0.6748046875,1.349609375,53.0732421875,0.6748046875,271790.65625,0.8376204967498779,0.8376204967498779,1.0,0.29778289794921875,53.0732421875,0.6748046875,0.9324377775192261,0.04780588671565056,22118.0,0.0018451292999088764,0.002734316047281027,0.4053437113761902,0.6006829738616943,0.005443851929157972,1475.0,0.017174923792481422,0.025451695546507835,0.2650723457336426,0.39281341433525085,0.013892321847379208,7373.0,0.004753537010401487,0.007044315338134766,0.3363991379737854,0.4985133111476898,0.016450800001621246,0.00035992596531286836
32,,20.0,8249,265079.34375,0.8505844473838806,0.853042483329773,1.1082170009613037,0.853042483329773,1.0,,0.2994745969772339,0.9164999723434448,,,,,,,,,,,,,,,,,,,,,,,,,,,,,,,,,,
,2.210397534688616e-05,,8250,,,,,,,,,,,,,,,,,,,,,,,,,,,,,,,,,,,,,,,,,,,
33,,,8254,,,,,,,1.0890320539474487,,,,,,,,,,,,,,,,,,,,,,,,,,,,,,,,,,,,
33,,,8259,,,,,,,1.0898585319519043,,,,,,,,,,,,,,,,,,,,,,,,,,,,,,,,,,,,
33,,,8264,,,,,,,1.117154598236084,,,,,,,,,,,,,,,,,,,,,,,,,,,,,,,,,,,,
33,,,8269,,,,,,,1.110123872756958,,,,,,,,,,,,,,,,,,,,,,,,,,,,,,,,,,,,
33,,,8274,,,,,,,1.1806765794754028,,,,,,,,,,,,,,,,,,,,,,,,,,,,,,,,,,,,
33,,,8279,,,,,,,1.117958426475525,,,,,,,,,,,,,,,,,,,,,,,,,,,,,,,,,,,,
33,,,8284,,,,,,,1.0807170867919922,,,,,,,,,,,,,,,,,,,,,,,,,,,,,,,,,,,,
33,,,8289,,,,,,,1.1054980754852295,,,,,,,,,,,,,,,,,,,,,,,,,,,,,,,,,,,,
33,,,8294,,,,,,,1.0894198417663574,,,,,,,,,,,,,,,,,,,,,,,,,,,,,,,,,,,,
33,,,8299,,,,,,,1.0897122621536255,,,,,,,,,,,,,,,,,,,,,,,,,,,,,,,,,,,,
33,,,8304,,,,,,,1.108896017074585,,,,,,,,,,,,,,,,,,,,,,,,,,,,,,,,,,,,
33,,,8309,,,,,,,1.1029678583145142,,,,,,,,,,,,,,,,,,,,,,,,,,,,,,,,,,,,
33,,,8314,,,,,,,1.1227943897247314,,,,,,,,,,,,,,,,,,,,,,,,,,,,,,,,,,,,
33,,,8319,,,,,,,1.0882946252822876,,,,,,,,,,,,,,,,,,,,,,,,,,,,,,,,,,,,
33,,,8324,,,,,,,1.11748468875885,,,,,,,,,,,,,,,,,,,,,,,,,,,,,,,,,,,,
33,,,8329,,,,,,,1.1127634048461914,,,,,,,,,,,,,,,,,,,,,,,,,,,,,,,,,,,,
33,,,8334,,,,,,,1.0956103801727295,,,,,,,,,,,,,,,,,,,,,,,,,,,,,,,,,,,,
33,,,8339,,,,,,,1.0906462669372559,,,,,,,,,,,,,,,,,,,,,,,,,,,,,,,,,,,,
33,,,8344,,,,,,,1.1352150440216064,,,,,,,,,,,,,,,,,,,,,,,,,,,,,,,,,,,,
33,,,8349,,,,,,,1.1223970651626587,,,,,,,,,,,,,,,,,,,,,,,,,,,,,,,,,,,,
33,,,8354,,,,,,,1.1150825023651123,,,,,,,,,,,,,,,,,,,,,,,,,,,,,,,,,,,,
33,,,8359,,,,,,,1.1369216442108154,,,,,,,,,,,,,,,,,,,,,,,,,,,,,,,,,,,,
33,,,8364,,,,,,,1.0805617570877075,,,,,,,,,,,,,,,,,,,,,,,,,,,,,,,,,,,,
33,,,8369,,,,,,,1.1420649290084839,,,,,,,,,,,,,,,,,,,,,,,,,,,,,,,,,,,,
33,,,8374,,,,,,,1.111534833908081,,,,,,,,,,,,,,,,,,,,,,,,,,,,,,,,,,,,
33,,,8379,,,,,,,1.089498519897461,,,,,,,,,,,,,,,,,,,,,,,,,,,,,,,,,,,,
33,,,8384,,,,,,,1.0802887678146362,,,,,,,,,,,,,,,,,,,,,,,,,,,,,,,,,,,,
33,,,8389,,,,,,,1.094892144203186,,,,,,,,,,,,,,,,,,,,,,,,,,,,,,,,,,,,
33,,,8394,,,,,,,1.0897881984710693,,,,,,,,,,,,,,,,,,,,,,,,,,,,,,,,,,,,
33,,,8399,,,,,,,1.110285997390747,,,,,,,,,,,,,,,,,,,,,,,,,,,,,,,,,,,,
33,,,8404,,,,,,,1.0990015268325806,,,,,,,,,,,,,,,,,,,,,,,,,,,,,,,,,,,,
33,,,8409,,,,,,,1.130805492401123,,,,,,,,,,,,,,,,,,,,,,,,,,,,,,,,,,,,
33,,,8414,,,,,,,1.0963932275772095,,,,,,,,,,,,,,,,,,,,,,,,,,,,,,,,,,,,
33,,,8419,,,,,,,1.1134439706802368,,,,,,,,,,,,,,,,,,,,,,,,,,,,,,,,,,,,
33,,,8424,,,,,,,1.0967884063720703,,,,,,,,,,,,,,,,,,,,,,,,,,,,,,,,,,,,
33,,,8429,,,,,,,1.141310214996338,,,,,,,,,,,,,,,,,,,,,,,,,,,,,,,,,,,,
33,,,8434,,,,,,,1.0828540325164795,,,,,,,,,,,,,,,,,,,,,,,,,,,,,,,,,,,,
33,,,8439,,,,,,,1.0907903909683228,,,,,,,,,,,,,,,,,,,,,,,,,,,,,,,,,,,,
33,,,8444,,,,,,,1.124586820602417,,,,,,,,,,,,,,,,,,,,,,,,,,,,,,,,,,,,
33,,,8449,,,,,,,1.1358482837677002,,,,,,,,,,,,,,,,,,,,,,,,,,,,,,,,,,,,
33,,,8454,,,,,,,1.084928035736084,,,,,,,,,,,,,,,,,,,,,,,,,,,,,,,,,,,,
33,,,8459,,,,,,,1.0981552600860596,,,,,,,,,,,,,,,,,,,,,,,,,,,,,,,,,,,,
33,,,8464,,,,,,,1.1275544166564941,,,,,,,,,,,,,,,,,,,,,,,,,,,,,,,,,,,,
33,,,8469,,,,,,,1.0856388807296753,,,,,,,,,,,,,,,,,,,,,,,,,,,,,,,,,,,,
33,,,8474,,,,,,,1.1583096981048584,,,,,,,,,,,,,,,,,,,,,,,,,,,,,,,,,,,,
33,,,8479,,,,,,,1.0822553634643555,,,,,,,,,,,,,,,,,,,,,,,,,,,,,,,,,,,,
33,,,8484,,,,,,,1.0880706310272217,,,,,,,,,,,,,,,,,,,,,,,,,,,,,,,,,,,,
33,,,8489,,,,,,,1.0805652141571045,,,,,,,,,,,,,,,,,,,,,,,,,,,,,,,,,,,,
33,,,8494,,,,,,,1.0942111015319824,,,,,,,,,,,,,,,,,,,,,,,,,,,,,,,,,,,,
33,,,8499,,,,,,,1.0941917896270752,,,,,,,,,,,,,,,,,,,,,,,,,,,,,,,,,,,,
33,,,8499,,,,,,,,,,0.21725860238075256,0.005011525470763445,0.6748046875,1.349609375,53.0732421875,0.6748046875,271790.65625,0.8375295400619507,0.8375295400619507,1.0,0.2941932678222656,53.0732421875,0.6748046875,0.933130145072937,0.04770117625594139,22118.0,0.001843628124333918,0.002732091350480914,0.4095325171947479,0.6068904399871826,0.005439694505184889,1475.0,0.017133869230747223,0.025390855967998505,0.26531311869621277,0.39317023754119873,0.013882379978895187,7373.0,0.004749964457005262,0.007039020769298077,0.33701378107070923,0.49942415952682495,0.016424797475337982,0.00035992596531286836
33,,20.0,8499,264398.15625,0.8509625792503357,0.8526307344436646,1.1079198122024536,0.8526307344436646,1.0,,0.2988828122615814,0.9139999747276306,,,,,,,,,,,,,,,,,,,,,,,,,,,,,,,,,,
,1.6349021371744823e-05,,8500,,,,,,,,,,,,,,,,,,,,,,,,,,,,,,,,,,,,,,,,,,,
34,,,8504,,,,,,,1.1101710796356201,,,,,,,,,,,,,,,,,,,,,,,,,,,,,,,,,,,,
34,,,8509,,,,,,,1.1338087320327759,,,,,,,,,,,,,,,,,,,,,,,,,,,,,,,,,,,,
34,,,8514,,,,,,,1.0888667106628418,,,,,,,,,,,,,,,,,,,,,,,,,,,,,,,,,,,,
34,,,8519,,,,,,,1.0857256650924683,,,,,,,,,,,,,,,,,,,,,,,,,,,,,,,,,,,,
34,,,8524,,,,,,,1.0831633806228638,,,,,,,,,,,,,,,,,,,,,,,,,,,,,,,,,,,,
34,,,8529,,,,,,,1.0832321643829346,,,,,,,,,,,,,,,,,,,,,,,,,,,,,,,,,,,,
34,,,8534,,,,,,,1.109896183013916,,,,,,,,,,,,,,,,,,,,,,,,,,,,,,,,,,,,
34,,,8539,,,,,,,1.0848759412765503,,,,,,,,,,,,,,,,,,,,,,,,,,,,,,,,,,,,
34,,,8544,,,,,,,1.0933789014816284,,,,,,,,,,,,,,,,,,,,,,,,,,,,,,,,,,,,
34,,,8549,,,,,,,1.0870990753173828,,,,,,,,,,,,,,,,,,,,,,,,,,,,,,,,,,,,
34,,,8554,,,,,,,1.2466509342193604,,,,,,,,,,,,,,,,,,,,,,,,,,,,,,,,,,,,
34,,,8559,,,,,,,1.0824859142303467,,,,,,,,,,,,,,,,,,,,,,,,,,,,,,,,,,,,
34,,,8564,,,,,,,1.2016849517822266,,,,,,,,,,,,,,,,,,,,,,,,,,,,,,,,,,,,
34,,,8569,,,,,,,1.1557137966156006,,,,,,,,,,,,,,,,,,,,,,,,,,,,,,,,,,,,
34,,,8574,,,,,,,1.0803653001785278,,,,,,,,,,,,,,,,,,,,,,,,,,,,,,,,,,,,
34,,,8579,,,,,,,1.1492239236831665,,,,,,,,,,,,,,,,,,,,,,,,,,,,,,,,,,,,
34,,,8584,,,,,,,1.1034767627716064,,,,,,,,,,,,,,,,,,,,,,,,,,,,,,,,,,,,
34,,,8589,,,,,,,1.1010937690734863,,,,,,,,,,,,,,,,,,,,,,,,,,,,,,,,,,,,
34,,,8594,,,,,,,1.1298584938049316,,,,,,,,,,,,,,,,,,,,,,,,,,,,,,,,,,,,
34,,,8599,,,,,,,1.1137561798095703,,,,,,,,,,,,,,,,,,,,,,,,,,,,,,,,,,,,
34,,,8604,,,,,,,1.101141333580017,,,,,,,,,,,,,,,,,,,,,,,,,,,,,,,,,,,,
34,,,8609,,,,,,,1.083984375,,,,,,,,,,,,,,,,,,,,,,,,,,,,,,,,,,,,
34,,,8614,,,,,,,1.095676064491272,,,,,,,,,,,,,,,,,,,,,,,,,,,,,,,,,,,,
34,,,8619,,,,,,,1.1297858953475952,,,,,,,,,,,,,,,,,,,,,,,,,,,,,,,,,,,,
34,,,8624,,,,,,,1.1217164993286133,,,,,,,,,,,,,,,,,,,,,,,,,,,,,,,,,,,,
34,,,8629,,,,,,,1.0978333950042725,,,,,,,,,,,,,,,,,,,,,,,,,,,,,,,,,,,,
34,,,8634,,,,,,,1.0853404998779297,,,,,,,,,,,,,,,,,,,,,,,,,,,,,,,,,,,,
34,,,8639,,,,,,,1.0936545133590698,,,,,,,,,,,,,,,,,,,,,,,,,,,,,,,,,,,,
34,,,8644,,,,,,,1.0919277667999268,,,,,,,,,,,,,,,,,,,,,,,,,,,,,,,,,,,,
34,,,8649,,,,,,,1.1731866598129272,,,,,,,,,,,,,,,,,,,,,,,,,,,,,,,,,,,,
34,,,8654,,,,,,,1.0982754230499268,,,,,,,,,,,,,,,,,,,,,,,,,,,,,,,,,,,,
34,,,8659,,,,,,,1.1598689556121826,,,,,,,,,,,,,,,,,,,,,,,,,,,,,,,,,,,,
34,,,8664,,,,,,,1.097833514213562,,,,,,,,,,,,,,,,,,,,,,,,,,,,,,,,,,,,
34,,,8669,,,,,,,1.1105328798294067,,,,,,,,,,,,,,,,,,,,,,,,,,,,,,,,,,,,
34,,,8674,,,,,,,1.3065180778503418,,,,,,,,,,,,,,,,,,,,,,,,,,,,,,,,,,,,
34,,,8679,,,,,,,1.0913207530975342,,,,,,,,,,,,,,,,,,,,,,,,,,,,,,,,,,,,
34,,,8684,,,,,,,1.0975178480148315,,,,,,,,,,,,,,,,,,,,,,,,,,,,,,,,,,,,
34,,,8689,,,,,,,1.0867996215820312,,,,,,,,,,,,,,,,,,,,,,,,,,,,,,,,,,,,
34,,,8694,,,,,,,1.0944139957427979,,,,,,,,,,,,,,,,,,,,,,,,,,,,,,,,,,,,
34,,,8699,,,,,,,1.1127009391784668,,,,,,,,,,,,,,,,,,,,,,,,,,,,,,,,,,,,
34,,,8704,,,,,,,1.0804896354675293,,,,,,,,,,,,,,,,,,,,,,,,,,,,,,,,,,,,
34,,,8709,,,,,,,1.0801353454589844,,,,,,,,,,,,,,,,,,,,,,,,,,,,,,,,,,,,
34,,,8714,,,,,,,1.108822226524353,,,,,,,,,,,,,,,,,,,,,,,,,,,,,,,,,,,,
34,,,8719,,,,,,,1.1210068464279175,,,,,,,,,,,,,,,,,,,,,,,,,,,,,,,,,,,,
34,,,8724,,,,,,,1.0948656797409058,,,,,,,,,,,,,,,,,,,,,,,,,,,,,,,,,,,,
34,,,8729,,,,,,,1.080856442451477,,,,,,,,,,,,,,,,,,,,,,,,,,,,,,,,,,,,
34,,,8734,,,,,,,1.0916376113891602,,,,,,,,,,,,,,,,,,,,,,,,,,,,,,,,,,,,
34,,,8739,,,,,,,1.1054927110671997,,,,,,,,,,,,,,,,,,,,,,,,,,,,,,,,,,,,
34,,,8744,,,,,,,1.084201693534851,,,,,,,,,,,,,,,,,,,,,,,,,,,,,,,,,,,,
34,,,8749,,,,,,,1.0863280296325684,,,,,,,,,,,,,,,,,,,,,,,,,,,,,,,,,,,,
34,,,8749,,,,,,,,,,0.216317281126976,0.004967952612787485,0.6748046875,1.349609375,53.0732421875,0.6748046875,271790.65625,0.8374991416931152,0.8374991416931152,1.0,0.29323577880859375,53.0732421875,0.6748046875,0.933360755443573,0.04770107567310333,22118.0,0.001850251341238618,0.002741906326264143,0.412813276052475,0.6117522120475769,0.005459343548864126,1475.0,0.017121952027082443,0.025373196229338646,0.2681937515735626,0.39743906259536743,0.013922179117798805,7373.0,0.004762148018926382,0.00705707585439086,0.34535929560661316,0.511791467666626,0.016446541994810104,0.00035992596531286836
34,,20.0,8749,263184.25,0.8503852486610413,0.8528253436088562,1.1079415082931519,0.8528253436088562,1.0,,0.29906055331230164,0.9190000295639038,,,,,,,,,,,,,,,,,,,,,,,,,,,,,,,,,,
,1.1418070123306984e-05,,8750,,,,,,,,,,,,,,,,,,,,,,,,,,,,,,,,,,,,,,,,,,,
35,,,8754,,,,,,,1.1272484064102173,,,,,,,,,,,,,,,,,,,,,,,,,,,,,,,,,,,,
35,,,8759,,,,,,,1.0970876216888428,,,,,,,,,,,,,,,,,,,,,,,,,,,,,,,,,,,,
35,,,8764,,,,,,,1.0978422164916992,,,,,,,,,,,,,,,,,,,,,,,,,,,,,,,,,,,,
35,,,8769,,,,,,,1.0926486253738403,,,,,,,,,,,,,,,,,,,,,,,,,,,,,,,,,,,,
35,,,8774,,,,,,,1.1016615629196167,,,,,,,,,,,,,,,,,,,,,,,,,,,,,,,,,,,,
35,,,8779,,,,,,,1.0883023738861084,,,,,,,,,,,,,,,,,,,,,,,,,,,,,,,,,,,,
35,,,8784,,,,,,,1.0965652465820312,,,,,,,,,,,,,,,,,,,,,,,,,,,,,,,,,,,,
35,,,8789,,,,,,,1.0858087539672852,,,,,,,,,,,,,,,,,,,,,,,,,,,,,,,,,,,,
35,,,8794,,,,,,,1.087204098701477,,,,,,,,,,,,,,,,,,,,,,,,,,,,,,,,,,,,
35,,,8799,,,,,,,1.0998345613479614,,,,,,,,,,,,,,,,,,,,,,,,,,,,,,,,,,,,
35,,,8804,,,,,,,1.2519375085830688,,,,,,,,,,,,,,,,,,,,,,,,,,,,,,,,,,,,
35,,,8809,,,,,,,1.08909010887146,,,,,,,,,,,,,,,,,,,,,,,,,,,,,,,,,,,,
35,,,8814,,,,,,,1.0911765098571777,,,,,,,,,,,,,,,,,,,,,,,,,,,,,,,,,,,,
35,,,8819,,,,,,,1.105144739151001,,,,,,,,,,,,,,,,,,,,,,,,,,,,,,,,,,,,
35,,,8824,,,,,,,1.0926190614700317,,,,,,,,,,,,,,,,,,,,,,,,,,,,,,,,,,,,
35,,,8829,,,,,,,1.120057463645935,,,,,,,,,,,,,,,,,,,,,,,,,,,,,,,,,,,,
35,,,8834,,,,,,,1.1087496280670166,,,,,,,,,,,,,,,,,,,,,,,,,,,,,,,,,,,,
35,,,8839,,,,,,,1.103243350982666,,,,,,,,,,,,,,,,,,,,,,,,,,,,,,,,,,,,
35,,,8844,,,,,,,1.0966031551361084,,,,,,,,,,,,,,,,,,,,,,,,,,,,,,,,,,,,
35,,,8849,,,,,,,1.134791374206543,,,,,,,,,,,,,,,,,,,,,,,,,,,,,,,,,,,,
35,,,8854,,,,,,,1.0987327098846436,,,,,,,,,,,,,,,,,,,,,,,,,,,,,,,,,,,,
35,,,8859,,,,,,,1.1013102531433105,,,,,,,,,,,,,,,,,,,,,,,,,,,,,,,,,,,,
35,,,8864,,,,,,,1.084674596786499,,,,,,,,,,,,,,,,,,,,,,,,,,,,,,,,,,,,
35,,,8869,,,,,,,1.0953857898712158,,,,,,,,,,,,,,,,,,,,,,,,,,,,,,,,,,,,
35,,,8874,,,,,,,1.1145079135894775,,,,,,,,,,,,,,,,,,,,,,,,,,,,,,,,,,,,
35,,,8879,,,,,,,1.0981508493423462,,,,,,,,,,,,,,,,,,,,,,,,,,,,,,,,,,,,
35,,,8884,,,,,,,1.1275041103363037,,,,,,,,,,,,,,,,,,,,,,,,,,,,,,,,,,,,
35,,,8889,,,,,,,1.1229095458984375,,,,,,,,,,,,,,,,,,,,,,,,,,,,,,,,,,,,
35,,,8894,,,,,,,1.084571123123169,,,,,,,,,,,,,,,,,,,,,,,,,,,,,,,,,,,,
35,,,8899,,,,,,,1.097306728363037,,,,,,,,,,,,,,,,,,,,,,,,,,,,,,,,,,,,
35,,,8904,,,,,,,1.0978118181228638,,,,,,,,,,,,,,,,,,,,,,,,,,,,,,,,,,,,
35,,,8909,,,,,,,1.0966403484344482,,,,,,,,,,,,,,,,,,,,,,,,,,,,,,,,,,,,
35,,,8914,,,,,,,1.1305644512176514,,,,,,,,,,,,,,,,,,,,,,,,,,,,,,,,,,,,
35,,,8919,,,,,,,1.092329978942871,,,,,,,,,,,,,,,,,,,,,,,,,,,,,,,,,,,,
35,,,8924,,,,,,,1.0878593921661377,,,,,,,,,,,,,,,,,,,,,,,,,,,,,,,,,,,,
35,,,8929,,,,,,,1.1251587867736816,,,,,,,,,,,,,,,,,,,,,,,,,,,,,,,,,,,,
35,,,8934,,,,,,,1.087294578552246,,,,,,,,,,,,,,,,,,,,,,,,,,,,,,,,,,,,
35,,,8939,,,,,,,1.0944792032241821,,,,,,,,,,,,,,,,,,,,,,,,,,,,,,,,,,,,
35,,,8944,,,,,,,1.086639642715454,,,,,,,,,,,,,,,,,,,,,,,,,,,,,,,,,,,,
35,,,8949,,,,,,,1.1084027290344238,,,,,,,,,,,,,,,,,,,,,,,,,,,,,,,,,,,,
35,,,8954,,,,,,,1.0924654006958008,,,,,,,,,,,,,,,,,,,,,,,,,,,,,,,,,,,,
35,,,8959,,,,,,,1.0915058851242065,,,,,,,,,,,,,,,,,,,,,,,,,,,,,,,,,,,,
35,,,8964,,,,,,,1.0995638370513916,,,,,,,,,,,,,,,,,,,,,,,,,,,,,,,,,,,,
35,,,8969,,,,,,,1.086623191833496,,,,,,,,,,,,,,,,,,,,,,,,,,,,,,,,,,,,
35,,,8974,,,,,,,1.1252858638763428,,,,,,,,,,,,,,,,,,,,,,,,,,,,,,,,,,,,
35,,,8979,,,,,,,1.080214023590088,,,,,,,,,,,,,,,,,,,,,,,,,,,,,,,,,,,,
35,,,8984,,,,,,,1.1005724668502808,,,,,,,,,,,,,,,,,,,,,,,,,,,,,,,,,,,,
35,,,8989,,,,,,,1.1055121421813965,,,,,,,,,,,,,,,,,,,,,,,,,,,,,,,,,,,,
35,,,8994,,,,,,,1.096348762512207,,,,,,,,,,,,,,,,,,,,,,,,,,,,,,,,,,,,
35,,,8999,,,,,,,1.234384536743164,,,,,,,,,,,,,,,,,,,,,,,,,,,,,,,,,,,,
35,,,8999,,,,,,,,,,0.21634776890277863,0.005202312022447586,0.6748046875,1.349609375,53.0732421875,0.6748046875,271790.65625,0.8375269770622253,0.8375269770622253,1.0,0.294158935546875,53.0732421875,0.6748046875,0.9323511123657227,0.047715917229652405,22118.0,0.0018475576071068645,0.0027379144448786974,0.41333699226379395,0.6125283241271973,0.005451461300253868,1475.0,0.017137844115495682,0.025396745651960373,0.26571157574653625,0.39376071095466614,0.01391194574534893,7373.0,0.0047598956152796745,0.007053737994283438,0.33866626024246216,0.5018730163574219,0.016442498192191124,0.00035992596531286836
35,,20.0,8999,264806.78125,0.8505043387413025,0.8529730439186096,1.108123779296875,0.8529730439186096,1.0,,0.299128919839859,0.9254999756813049,,,,,,,,,,,,,,,,,,,,,,,,,,,,,,,,,,
,7.3415225557269666e-06,,9000,,,,,,,,,,,,,,,,,,,,,,,,,,,,,,,,,,,,,,,,,,,
36,,,9004,,,,,,,1.1098747253417969,,,,,,,,,,,,,,,,,,,,,,,,,,,,,,,,,,,,
36,,,9009,,,,,,,1.2291772365570068,,,,,,,,,,,,,,,,,,,,,,,,,,,,,,,,,,,,
36,,,9014,,,,,,,1.093533992767334,,,,,,,,,,,,,,,,,,,,,,,,,,,,,,,,,,,,
36,,,9019,,,,,,,1.0999045372009277,,,,,,,,,,,,,,,,,,,,,,,,,,,,,,,,,,,,
36,,,9024,,,,,,,1.0890846252441406,,,,,,,,,,,,,,,,,,,,,,,,,,,,,,,,,,,,
36,,,9029,,,,,,,1.1349780559539795,,,,,,,,,,,,,,,,,,,,,,,,,,,,,,,,,,,,
36,,,9034,,,,,,,1.1110424995422363,,,,,,,,,,,,,,,,,,,,,,,,,,,,,,,,,,,,
36,,,9039,,,,,,,1.097707748413086,,,,,,,,,,,,,,,,,,,,,,,,,,,,,,,,,,,,
36,,,9044,,,,,,,1.0824977159500122,,,,,,,,,,,,,,,,,,,,,,,,,,,,,,,,,,,,
36,,,9049,,,,,,,1.1257458925247192,,,,,,,,,,,,,,,,,,,,,,,,,,,,,,,,,,,,
36,,,9054,,,,,,,1.1282819509506226,,,,,,,,,,,,,,,,,,,,,,,,,,,,,,,,,,,,
36,,,9059,,,,,,,1.0985223054885864,,,,,,,,,,,,,,,,,,,,,,,,,,,,,,,,,,,,
36,,,9064,,,,,,,1.0816025733947754,,,,,,,,,,,,,,,,,,,,,,,,,,,,,,,,,,,,
36,,,9069,,,,,,,1.0890872478485107,,,,,,,,,,,,,,,,,,,,,,,,,,,,,,,,,,,,
36,,,9074,,,,,,,1.0863590240478516,,,,,,,,,,,,,,,,,,,,,,,,,,,,,,,,,,,,
36,,,9079,,,,,,,1.1664007902145386,,,,,,,,,,,,,,,,,,,,,,,,,,,,,,,,,,,,
36,,,9084,,,,,,,1.1059277057647705,,,,,,,,,,,,,,,,,,,,,,,,,,,,,,,,,,,,
36,,,9089,,,,,,,1.1176413297653198,,,,,,,,,,,,,,,,,,,,,,,,,,,,,,,,,,,,
36,,,9094,,,,,,,1.0821311473846436,,,,,,,,,,,,,,,,,,,,,,,,,,,,,,,,,,,,
36,,,9099,,,,,,,1.087109088897705,,,,,,,,,,,,,,,,,,,,,,,,,,,,,,,,,,,,
36,,,9104,,,,,,,1.0900506973266602,,,,,,,,,,,,,,,,,,,,,,,,,,,,,,,,,,,,
36,,,9109,,,,,,,1.0943137407302856,,,,,,,,,,,,,,,,,,,,,,,,,,,,,,,,,,,,
36,,,9114,,,,,,,1.0962893962860107,,,,,,,,,,,,,,,,,,,,,,,,,,,,,,,,,,,,
36,,,9119,,,,,,,1.095278263092041,,,,,,,,,,,,,,,,,,,,,,,,,,,,,,,,,,,,
36,,,9124,,,,,,,1.0877567529678345,,,,,,,,,,,,,,,,,,,,,,,,,,,,,,,,,,,,
36,,,9129,,,,,,,1.092101812362671,,,,,,,,,,,,,,,,,,,,,,,,,,,,,,,,,,,,
36,,,9134,,,,,,,1.1012094020843506,,,,,,,,,,,,,,,,,,,,,,,,,,,,,,,,,,,,
36,,,9139,,,,,,,1.090520977973938,,,,,,,,,,,,,,,,,,,,,,,,,,,,,,,,,,,,
36,,,9144,,,,,,,1.0943313837051392,,,,,,,,,,,,,,,,,,,,,,,,,,,,,,,,,,,,
36,,,9149,,,,,,,1.11114501953125,,,,,,,,,,,,,,,,,,,,,,,,,,,,,,,,,,,,
36,,,9154,,,,,,,1.0998870134353638,,,,,,,,,,,,,,,,,,,,,,,,,,,,,,,,,,,,
36,,,9159,,,,,,,1.0927120447158813,,,,,,,,,,,,,,,,,,,,,,,,,,,,,,,,,,,,
36,,,9164,,,,,,,1.1054086685180664,,,,,,,,,,,,,,,,,,,,,,,,,,,,,,,,,,,,
36,,,9169,,,,,,,1.0810359716415405,,,,,,,,,,,,,,,,,,,,,,,,,,,,,,,,,,,,
36,,,9174,,,,,,,1.0845062732696533,,,,,,,,,,,,,,,,,,,,,,,,,,,,,,,,,,,,
36,,,9179,,,,,,,1.3032758235931396,,,,,,,,,,,,,,,,,,,,,,,,,,,,,,,,,,,,
36,,,9184,,,,,,,1.1623575687408447,,,,,,,,,,,,,,,,,,,,,,,,,,,,,,,,,,,,
36,,,9189,,,,,,,1.121351718902588,,,,,,,,,,,,,,,,,,,,,,,,,,,,,,,,,,,,
36,,,9194,,,,,,,1.0985000133514404,,,,,,,,,,,,,,,,,,,,,,,,,,,,,,,,,,,,
36,,,9199,,,,,,,1.1026744842529297,,,,,,,,,,,,,,,,,,,,,,,,,,,,,,,,,,,,
36,,,9204,,,,,,,1.088753342628479,,,,,,,,,,,,,,,,,,,,,,,,,,,,,,,,,,,,
36,,,9209,,,,,,,1.0988123416900635,,,,,,,,,,,,,,,,,,,,,,,,,,,,,,,,,,,,
36,,,9214,,,,,,,1.0950709581375122,,,,,,,,,,,,,,,,,,,,,,,,,,,,,,,,,,,,
36,,,9219,,,,,,,1.080242395401001,,,,,,,,,,,,,,,,,,,,,,,,,,,,,,,,,,,,
36,,,9224,,,,,,,1.1064174175262451,,,,,,,,,,,,,,,,,,,,,,,,,,,,,,,,,,,,
36,,,9229,,,,,,,1.0804922580718994,,,,,,,,,,,,,,,,,,,,,,,,,,,,,,,,,,,,
36,,,9234,,,,,,,1.0807229280471802,,,,,,,,,,,,,,,,,,,,,,,,,,,,,,,,,,,,
36,,,9239,,,,,,,1.0942261219024658,,,,,,,,,,,,,,,,,,,,,,,,,,,,,,,,,,,,
36,,,9244,,,,,,,1.0908392667770386,,,,,,,,,,,,,,,,,,,,,,,,,,,,,,,,,,,,
36,,,9249,,,,,,,1.0802799463272095,,,,,,,,,,,,,,,,,,,,,,,,,,,,,,,,,,,,
36,,,9249,,,,,,,,,,0.21717825531959534,0.005085342563688755,0.6748046875,1.349609375,53.0732421875,0.6748046875,271790.65625,0.8375198841094971,0.8375198841094971,1.0,0.2937202453613281,53.0732421875,0.6748046875,0.929447591304779,0.04776432737708092,22118.0,0.0018490140791982412,0.0027400727849453688,0.41139906644821167,0.6096565127372742,0.005455625243484974,1475.0,0.017156381160020828,0.02542421594262123,0.26570531725883484,0.3937514126300812,0.01392357423901558,7373.0,0.004763739183545113,0.007059433963149786,0.3396358788013458,0.5033099055290222,0.016457751393318176,0.00035992596531286836
36,,20.0,9249,264618.96875,0.8516319990158081,0.853854238986969,1.109344720840454,0.853854238986969,1.0,,0.2996777296066284,0.9169999957084656,,,,,,,,,,,,,,,,,,,,,,,,,,,,,,,,,,
,4.144511940348515e-06,,9250,,,,,,,,,,,,,,,,,,,,,,,,,,,,,,,,,,,,,,,,,,,
37,,,9254,,,,,,,1.120315670967102,,,,,,,,,,,,,,,,,,,,,,,,,,,,,,,,,,,,
37,,,9259,,,,,,,1.0929737091064453,,,,,,,,,,,,,,,,,,,,,,,,,,,,,,,,,,,,
37,,,9264,,,,,,,1.1387131214141846,,,,,,,,,,,,,,,,,,,,,,,,,,,,,,,,,,,,
37,,,9269,,,,,,,1.1058045625686646,,,,,,,,,,,,,,,,,,,,,,,,,,,,,,,,,,,,
37,,,9274,,,,,,,1.1167747974395752,,,,,,,,,,,,,,,,,,,,,,,,,,,,,,,,,,,,
37,,,9279,,,,,,,1.109283685684204,,,,,,,,,,,,,,,,,,,,,,,,,,,,,,,,,,,,
37,,,9284,,,,,,,1.1403921842575073,,,,,,,,,,,,,,,,,,,,,,,,,,,,,,,,,,,,
37,,,9289,,,,,,,1.099241852760315,,,,,,,,,,,,,,,,,,,,,,,,,,,,,,,,,,,,
37,,,9294,,,,,,,1.1016216278076172,,,,,,,,,,,,,,,,,,,,,,,,,,,,,,,,,,,,
37,,,9299,,,,,,,1.0959138870239258,,,,,,,,,,,,,,,,,,,,,,,,,,,,,,,,,,,,
37,,,9304,,,,,,,1.1412885189056396,,,,,,,,,,,,,,,,,,,,,,,,,,,,,,,,,,,,
37,,,9309,,,,,,,1.1562968492507935,,,,,,,,,,,,,,,,,,,,,,,,,,,,,,,,,,,,
37,,,9314,,,,,,,1.1313581466674805,,,,,,,,,,,,,,,,,,,,,,,,,,,,,,,,,,,,
37,,,9319,,,,,,,1.126802921295166,,,,,,,,,,,,,,,,,,,,,,,,,,,,,,,,,,,,
37,,,9324,,,,,,,1.1063435077667236,,,,,,,,,,,,,,,,,,,,,,,,,,,,,,,,,,,,
37,,,9329,,,,,,,1.141627550125122,,,,,,,,,,,,,,,,,,,,,,,,,,,,,,,,,,,,
37,,,9334,,,,,,,1.105506420135498,,,,,,,,,,,,,,,,,,,,,,,,,,,,,,,,,,,,
37,,,9339,,,,,,,1.0996479988098145,,,,,,,,,,,,,,,,,,,,,,,,,,,,,,,,,,,,
37,,,9344,,,,,,,1.2121411561965942,,,,,,,,,,,,,,,,,,,,,,,,,,,,,,,,,,,,
37,,,9349,,,,,,,1.0898613929748535,,,,,,,,,,,,,,,,,,,,,,,,,,,,,,,,,,,,
37,,,9354,,,,,,,1.1383357048034668,,,,,,,,,,,,,,,,,,,,,,,,,,,,,,,,,,,,
37,,,9359,,,,,,,1.1083190441131592,,,,,,,,,,,,,,,,,,,,,,,,,,,,,,,,,,,,
37,,,9364,,,,,,,1.0973796844482422,,,,,,,,,,,,,,,,,,,,,,,,,,,,,,,,,,,,
37,,,9369,,,,,,,1.0955920219421387,,,,,,,,,,,,,,,,,,,,,,,,,,,,,,,,,,,,
37,,,9374,,,,,,,1.110565423965454,,,,,,,,,,,,,,,,,,,,,,,,,,,,,,,,,,,,
37,,,9379,,,,,,,1.0809377431869507,,,,,,,,,,,,,,,,,,,,,,,,,,,,,,,,,,,,
37,,,9384,,,,,,,1.1046142578125,,,,,,,,,,,,,,,,,,,,,,,,,,,,,,,,,,,,
37,,,9389,,,,,,,1.103065013885498,,,,,,,,,,,,,,,,,,,,,,,,,,,,,,,,,,,,
37,,,9394,,,,,,,1.1134467124938965,,,,,,,,,,,,,,,,,,,,,,,,,,,,,,,,,,,,
37,,,9399,,,,,,,1.0958760976791382,,,,,,,,,,,,,,,,,,,,,,,,,,,,,,,,,,,,
37,,,9404,,,,,,,1.0919309854507446,,,,,,,,,,,,,,,,,,,,,,,,,,,,,,,,,,,,
37,,,9409,,,,,,,1.1074765920639038,,,,,,,,,,,,,,,,,,,,,,,,,,,,,,,,,,,,
37,,,9414,,,,,,,1.1282260417938232,,,,,,,,,,,,,,,,,,,,,,,,,,,,,,,,,,,,
37,,,9419,,,,,,,1.0993576049804688,,,,,,,,,,,,,,,,,,,,,,,,,,,,,,,,,,,,
37,,,9424,,,,,,,1.1101855039596558,,,,,,,,,,,,,,,,,,,,,,,,,,,,,,,,,,,,
37,,,9429,,,,,,,1.0800803899765015,,,,,,,,,,,,,,,,,,,,,,,,,,,,,,,,,,,,
37,,,9434,,,,,,,1.0855908393859863,,,,,,,,,,,,,,,,,,,,,,,,,,,,,,,,,,,,
37,,,9439,,,,,,,1.1219121217727661,,,,,,,,,,,,,,,,,,,,,,,,,,,,,,,,,,,,
37,,,9444,,,,,,,1.1651300191879272,,,,,,,,,,,,,,,,,,,,,,,,,,,,,,,,,,,,
37,,,9449,,,,,,,1.0923779010772705,,,,,,,,,,,,,,,,,,,,,,,,,,,,,,,,,,,,
37,,,9454,,,,,,,1.0855839252471924,,,,,,,,,,,,,,,,,,,,,,,,,,,,,,,,,,,,
37,,,9459,,,,,,,1.1698176860809326,,,,,,,,,,,,,,,,,,,,,,,,,,,,,,,,,,,,
37,,,9464,,,,,,,1.1090617179870605,,,,,,,,,,,,,,,,,,,,,,,,,,,,,,,,,,,,
37,,,9469,,,,,,,1.0910650491714478,,,,,,,,,,,,,,,,,,,,,,,,,,,,,,,,,,,,
37,,,9474,,,,,,,1.1038565635681152,,,,,,,,,,,,,,,,,,,,,,,,,,,,,,,,,,,,
37,,,9479,,,,,,,1.0943927764892578,,,,,,,,,,,,,,,,,,,,,,,,,,,,,,,,,,,,
37,,,9484,,,,,,,1.0991038084030151,,,,,,,,,,,,,,,,,,,,,,,,,,,,,,,,,,,,
37,,,9489,,,,,,,1.0879344940185547,,,,,,,,,,,,,,,,,,,,,,,,,,,,,,,,,,,,
37,,,9494,,,,,,,1.0896780490875244,,,,,,,,,,,,,,,,,,,,,,,,,,,,,,,,,,,,
37,,,9499,,,,,,,1.2008020877838135,,,,,,,,,,,,,,,,,,,,,,,,,,,,,,,,,,,,
37,,,9499,,,,,,,,,,0.21589349210262299,0.004958820063620806,0.6748046875,1.349609375,53.0732421875,0.6748046875,271790.65625,0.837506890296936,0.837506890296936,1.0,0.2940025329589844,53.0732421875,0.6748046875,0.9308342337608337,0.04772491008043289,22118.0,0.0018506038468331099,0.0027424287982285023,0.4134293794631958,0.6126652359962463,0.005460415501147509,1475.0,0.017141815274953842,0.025402631610631943,0.26558369398117065,0.3935711979866028,0.013904815539717674,7373.0,0.004757114686071873,0.007049616891890764,0.34022995829582214,0.5041902661323547,0.016446635127067566,0.00035992596531286836
37,,20.0,9499,264501.15625,0.8505810499191284,0.8524187803268433,1.1075938940048218,0.8524187803268433,1.0,,0.2993144392967224,0.9275000095367432,,,,,,,,,,,,,,,,,,,,,,,,,,,,,,,,,,
,1.8467489107293504e-06,,9500,,,,,,,,,,,,,,,,,,,,,,,,,,,,,,,,,,,,,,,,,,,
38,,,9504,,,,,,,1.1135071516036987,,,,,,,,,,,,,,,,,,,,,,,,,,,,,,,,,,,,
38,,,9509,,,,,,,1.1067503690719604,,,,,,,,,,,,,,,,,,,,,,,,,,,,,,,,,,,,
38,,,9514,,,,,,,1.0909159183502197,,,,,,,,,,,,,,,,,,,,,,,,,,,,,,,,,,,,
38,,,9519,,,,,,,1.0975615978240967,,,,,,,,,,,,,,,,,,,,,,,,,,,,,,,,,,,,
38,,,9524,,,,,,,1.0885387659072876,,,,,,,,,,,,,,,,,,,,,,,,,,,,,,,,,,,,
38,,,9529,,,,,,,1.1001780033111572,,,,,,,,,,,,,,,,,,,,,,,,,,,,,,,,,,,,
38,,,9534,,,,,,,1.100645661354065,,,,,,,,,,,,,,,,,,,,,,,,,,,,,,,,,,,,
38,,,9539,,,,,,,1.1002886295318604,,,,,,,,,,,,,,,,,,,,,,,,,,,,,,,,,,,,
38,,,9544,,,,,,,1.195034384727478,,,,,,,,,,,,,,,,,,,,,,,,,,,,,,,,,,,,
38,,,9549,,,,,,,1.1173007488250732,,,,,,,,,,,,,,,,,,,,,,,,,,,,,,,,,,,,
38,,,9554,,,,,,,1.0852363109588623,,,,,,,,,,,,,,,,,,,,,,,,,,,,,,,,,,,,
38,,,9559,,,,,,,1.1125787496566772,,,,,,,,,,,,,,,,,,,,,,,,,,,,,,,,,,,,
38,,,9564,,,,,,,1.0971680879592896,,,,,,,,,,,,,,,,,,,,,,,,,,,,,,,,,,,,
38,,,9569,,,,,,,1.0940433740615845,,,,,,,,,,,,,,,,,,,,,,,,,,,,,,,,,,,,
38,,,9574,,,,,,,1.138936161994934,,,,,,,,,,,,,,,,,,,,,,,,,,,,,,,,,,,,
38,,,9579,,,,,,,1.132960319519043,,,,,,,,,,,,,,,,,,,,,,,,,,,,,,,,,,,,
38,,,9584,,,,,,,1.1054556369781494,,,,,,,,,,,,,,,,,,,,,,,,,,,,,,,,,,,,
38,,,9589,,,,,,,1.0987181663513184,,,,,,,,,,,,,,,,,,,,,,,,,,,,,,,,,,,,
38,,,9594,,,,,,,1.1252782344818115,,,,,,,,,,,,,,,,,,,,,,,,,,,,,,,,,,,,
38,,,9599,,,,,,,1.0850183963775635,,,,,,,,,,,,,,,,,,,,,,,,,,,,,,,,,,,,
38,,,9604,,,,,,,1.0861939191818237,,,,,,,,,,,,,,,,,,,,,,,,,,,,,,,,,,,,
38,,,9609,,,,,,,1.0908639430999756,,,,,,,,,,,,,,,,,,,,,,,,,,,,,,,,,,,,
38,,,9614,,,,,,,1.0975441932678223,,,,,,,,,,,,,,,,,,,,,,,,,,,,,,,,,,,,
38,,,9619,,,,,,,1.1314454078674316,,,,,,,,,,,,,,,,,,,,,,,,,,,,,,,,,,,,
38,,,9624,,,,,,,1.0880814790725708,,,,,,,,,,,,,,,,,,,,,,,,,,,,,,,,,,,,
38,,,9629,,,,,,,1.130089521408081,,,,,,,,,,,,,,,,,,,,,,,,,,,,,,,,,,,,
38,,,9634,,,,,,,1.09253990650177,,,,,,,,,,,,,,,,,,,,,,,,,,,,,,,,,,,,
38,,,9639,,,,,,,1.0842714309692383,,,,,,,,,,,,,,,,,,,,,,,,,,,,,,,,,,,,
38,,,9644,,,,,,,1.0812541246414185,,,,,,,,,,,,,,,,,,,,,,,,,,,,,,,,,,,,
38,,,9649,,,,,,,1.139910340309143,,,,,,,,,,,,,,,,,,,,,,,,,,,,,,,,,,,,
38,,,9654,,,,,,,1.165696620941162,,,,,,,,,,,,,,,,,,,,,,,,,,,,,,,,,,,,
38,,,9659,,,,,,,1.1004129648208618,,,,,,,,,,,,,,,,,,,,,,,,,,,,,,,,,,,,
38,,,9664,,,,,,,1.091805338859558,,,,,,,,,,,,,,,,,,,,,,,,,,,,,,,,,,,,
38,,,9669,,,,,,,1.0816789865493774,,,,,,,,,,,,,,,,,,,,,,,,,,,,,,,,,,,,
38,,,9674,,,,,,,1.16187584400177,,,,,,,,,,,,,,,,,,,,,,,,,,,,,,,,,,,,
38,,,9679,,,,,,,1.1182429790496826,,,,,,,,,,,,,,,,,,,,,,,,,,,,,,,,,,,,
38,,,9684,,,,,,,1.1007742881774902,,,,,,,,,,,,,,,,,,,,,,,,,,,,,,,,,,,,
38,,,9689,,,,,,,1.0805933475494385,,,,,,,,,,,,,,,,,,,,,,,,,,,,,,,,,,,,
38,,,9694,,,,,,,1.122136116027832,,,,,,,,,,,,,,,,,,,,,,,,,,,,,,,,,,,,
38,,,9699,,,,,,,1.1042672395706177,,,,,,,,,,,,,,,,,,,,,,,,,,,,,,,,,,,,
38,,,9704,,,,,,,1.1042430400848389,,,,,,,,,,,,,,,,,,,,,,,,,,,,,,,,,,,,
38,,,9709,,,,,,,1.085636854171753,,,,,,,,,,,,,,,,,,,,,,,,,,,,,,,,,,,,
38,,,9714,,,,,,,1.1222429275512695,,,,,,,,,,,,,,,,,,,,,,,,,,,,,,,,,,,,
38,,,9719,,,,,,,1.0806000232696533,,,,,,,,,,,,,,,,,,,,,,,,,,,,,,,,,,,,
38,,,9724,,,,,,,1.0829421281814575,,,,,,,,,,,,,,,,,,,,,,,,,,,,,,,,,,,,
38,,,9729,,,,,,,1.082757592201233,,,,,,,,,,,,,,,,,,,,,,,,,,,,,,,,,,,,
38,,,9734,,,,,,,1.0855042934417725,,,,,,,,,,,,,,,,,,,,,,,,,,,,,,,,,,,,
38,,,9739,,,,,,,1.0922951698303223,,,,,,,,,,,,,,,,,,,,,,,,,,,,,,,,,,,,
38,,,9744,,,,,,,1.1296563148498535,,,,,,,,,,,,,,,,,,,,,,,,,,,,,,,,,,,,
38,,,9749,,,,,,,1.1308810710906982,,,,,,,,,,,,,,,,,,,,,,,,,,,,,,,,,,,,
38,,,9749,,,,,,,,,,0.21653087437152863,0.004977622535079718,0.6748046875,1.349609375,53.0732421875,0.6748046875,271790.65625,0.8375069499015808,0.8375069499015808,1.0,0.2935752868652344,53.0732421875,0.6748046875,0.9326690435409546,0.04772673919796944,22118.0,0.0018510021036490798,0.002743019023910165,0.41096198558807373,0.6090087890625,0.005461439490318298,1475.0,0.017139162868261337,0.025398701429367065,0.2663908302783966,0.39476728439331055,0.013932076282799244,7373.0,0.004766518250107765,0.007063552271574736,0.34050390124320984,0.5045962333679199,0.016455691307783127,0.00035992596531286836
38,,20.0,9749,263746.34375,0.8504067659378052,0.8528729677200317,1.1079951524734497,0.8528729677200317,1.0,,0.2992324233055115,0.9300000071525574,,,,,,,,,,,,,,,,,,,,,,,,,,,,,,,,,,
,4.623999400308053e-07,,9750,,,,,,,,,,,,,,,,,,,,,,,,,,,,,,,,,,,,,,,,,,,
39,,,9754,,,,,,,1.103789210319519,,,,,,,,,,,,,,,,,,,,,,,,,,,,,,,,,,,,
39,,,9759,,,,,,,1.1102300882339478,,,,,,,,,,,,,,,,,,,,,,,,,,,,,,,,,,,,
39,,,9764,,,,,,,1.1036667823791504,,,,,,,,,,,,,,,,,,,,,,,,,,,,,,,,,,,,
39,,,9769,,,,,,,1.1172654628753662,,,,,,,,,,,,,,,,,,,,,,,,,,,,,,,,,,,,
39,,,9774,,,,,,,1.08478844165802,,,,,,,,,,,,,,,,,,,,,,,,,,,,,,,,,,,,
39,,,9779,,,,,,,1.094367265701294,,,,,,,,,,,,,,,,,,,,,,,,,,,,,,,,,,,,
39,,,9784,,,,,,,1.105554223060608,,,,,,,,,,,,,,,,,,,,,,,,,,,,,,,,,,,,
39,,,9789,,,,,,,1.0931161642074585,,,,,,,,,,,,,,,,,,,,,,,,,,,,,,,,,,,,
39,,,9794,,,,,,,1.1314058303833008,,,,,,,,,,,,,,,,,,,,,,,,,,,,,,,,,,,,
39,,,9799,,,,,,,1.0900192260742188,,,,,,,,,,,,,,,,,,,,,,,,,,,,,,,,,,,,
39,,,9804,,,,,,,1.1021394729614258,,,,,,,,,,,,,,,,,,,,,,,,,,,,,,,,,,,,
39,,,9809,,,,,,,1.0920326709747314,,,,,,,,,,,,,,,,,,,,,,,,,,,,,,,,,,,,
39,,,9814,,,,,,,1.11398446559906,,,,,,,,,,,,,,,,,,,,,,,,,,,,,,,,,,,,
39,,,9819,,,,,,,1.0921034812927246,,,,,,,,,,,,,,,,,,,,,,,,,,,,,,,,,,,,
39,,,9824,,,,,,,1.099969506263733,,,,,,,,,,,,,,,,,,,,,,,,,,,,,,,,,,,,
39,,,9829,,,,,,,1.0925524234771729,,,,,,,,,,,,,,,,,,,,,,,,,,,,,,,,,,,,
39,,,9834,,,,,,,1.092769980430603,,,,,,,,,,,,,,,,,,,,,,,,,,,,,,,,,,,,
39,,,9839,,,,,,,1.0805795192718506,,,,,,,,,,,,,,,,,,,,,,,,,,,,,,,,,,,,
39,,,9844,,,,,,,1.0862042903900146,,,,,,,,,,,,,,,,,,,,,,,,,,,,,,,,,,,,
39,,,9849,,,,,,,1.0806324481964111,,,,,,,,,,,,,,,,,,,,,,,,,,,,,,,,,,,,
39,,,9854,,,,,,,1.1036696434020996,,,,,,,,,,,,,,,,,,,,,,,,,,,,,,,,,,,,
39,,,9859,,,,,,,1.0928324460983276,,,,,,,,,,,,,,,,,,,,,,,,,,,,,,,,,,,,
39,,,9864,,,,,,,1.1218558549880981,,,,,,,,,,,,,,,,,,,,,,,,,,,,,,,,,,,,
39,,,9869,,,,,,,1.0815198421478271,,,,,,,,,,,,,,,,,,,,,,,,,,,,,,,,,,,,
39,,,9874,,,,,,,1.0990879535675049,,,,,,,,,,,,,,,,,,,,,,,,,,,,,,,,,,,,
39,,,9879,,,,,,,1.2879273891448975,,,,,,,,,,,,,,,,,,,,,,,,,,,,,,,,,,,,
39,,,9884,,,,,,,1.0937345027923584,,,,,,,,,,,,,,,,,,,,,,,,,,,,,,,,,,,,
39,,,9889,,,,,,,1.0886224508285522,,,,,,,,,,,,,,,,,,,,,,,,,,,,,,,,,,,,
39,,,9894,,,,,,,1.1207445859909058,,,,,,,,,,,,,,,,,,,,,,,,,,,,,,,,,,,,
39,,,9899,,,,,,,1.0867801904678345,,,,,,,,,,,,,,,,,,,,,,,,,,,,,,,,,,,,
39,,,9904,,,,,,,1.080300211906433,,,,,,,,,,,,,,,,,,,,,,,,,,,,,,,,,,,,
39,,,9909,,,,,,,1.184999704360962,,,,,,,,,,,,,,,,,,,,,,,,,,,,,,,,,,,,
39,,,9914,,,,,,,1.115066647529602,,,,,,,,,,,,,,,,,,,,,,,,,,,,,,,,,,,,
39,,,9919,,,,,,,1.1023228168487549,,,,,,,,,,,,,,,,,,,,,,,,,,,,,,,,,,,,
39,,,9924,,,,,,,1.106980562210083,,,,,,,,,,,,,,,,,,,,,,,,,,,,,,,,,,,,
39,,,9929,,,,,,,1.0941107273101807,,,,,,,,,,,,,,,,,,,,,,,,,,,,,,,,,,,,
39,,,9934,,,,,,,1.1647233963012695,,,,,,,,,,,,,,,,,,,,,,,,,,,,,,,,,,,,
39,,,9939,,,,,,,1.085706353187561,,,,,,,,,,,,,,,,,,,,,,,,,,,,,,,,,,,,
39,,,9944,,,,,,,1.1022496223449707,,,,,,,,,,,,,,,,,,,,,,,,,,,,,,,,,,,,
39,,,9949,,,,,,,1.0911314487457275,,,,,,,,,,,,,,,,,,,,,,,,,,,,,,,,,,,,
39,,,9954,,,,,,,1.0939332246780396,,,,,,,,,,,,,,,,,,,,,,,,,,,,,,,,,,,,
39,,,9959,,,,,,,1.1199558973312378,,,,,,,,,,,,,,,,,,,,,,,,,,,,,,,,,,,,
39,,,9964,,,,,,,1.0899206399917603,,,,,,,,,,,,,,,,,,,,,,,,,,,,,,,,,,,,
39,,,9969,,,,,,,1.1144226789474487,,,,,,,,,,,,,,,,,,,,,,,,,,,,,,,,,,,,
39,,,9974,,,,,,,1.0846922397613525,,,,,,,,,,,,,,,,,,,,,,,,,,,,,,,,,,,,
39,,,9979,,,,,,,1.100268840789795,,,,,,,,,,,,,,,,,,,,,,,,,,,,,,,,,,,,
39,,,9984,,,,,,,1.1069989204406738,,,,,,,,,,,,,,,,,,,,,,,,,,,,,,,,,,,,
39,,,9989,,,,,,,1.089289903640747,,,,,,,,,,,,,,,,,,,,,,,,,,,,,,,,,,,,
39,,,9994,,,,,,,1.1493093967437744,,,,,,,,,,,,,,,,,,,,,,,,,,,,,,,,,,,,
39,,,9999,,,,,,,1.089961290359497,,,,,,,,,,,,,,,,,,,,,,,,,,,,,,,,,,,,
39,,,9999,,,,,,,,,,0.21642516553401947,0.004997824784368277,0.6748046875,1.349609375,53.0732421875,0.6748046875,271790.65625,0.8375104069709778,0.8375104069709778,1.0,0.2940254211425781,53.0732421875,0.6748046875,0.9315754771232605,0.04772430658340454,22118.0,0.0018506478518247604,0.0027424939908087254,0.4143000841140747,0.613955557346344,0.005460596177726984,1475.0,0.01713983342051506,0.025399694219231606,0.2660047709941864,0.39419519901275635,0.01392841525375843,7373.0,0.004765194375067949,0.007061590440571308,0.340776652097702,0.5050004124641418,0.016453683376312256,0.00035992596531286836
39,,20.0,9999,265162.5625,0.8510140776634216,0.8526983261108398,1.1080015897750854,0.8526983261108398,1.0,,0.29929491877555847,0.9254999756813049,,,,,,,,,,,,,,,,,,,,,,,,,,,,,,,,,,
